5,Pryce,Brookzie,pbrookzie4@dmoz.org,Agender,212.63.28.128
85,Kiele,Gifkins,kgifkins2c@taobao.com,Agender,180.145.100.210
222,Antonin,McHugh,amchugh65@vkontakte.ru,Agender,207.11.198.49
239,Dacey,Sancho,dsancho6m@rambler.ru,Agender,179.236.32.90
292,Abbie,Croce,acroce83@webnode.com,Agender,90.184.136.150
332,Silvano,Cowgill,scowgill97@usatoday.com,Agender,71.119.1.101
379,Matty,Schulke,mschulkeai@xing.com,Agender,99.20.166.254
380,Dorree,Thomasen,dthomasenaj@scientificamerican.com,Agender,50.158.88.43
419,Asher,Palfreeman,apalfreemanbm@hibu.com,Agender,8.254.150.26
486,Chlo,Jovic,cjovicdh@mapquest.com,Agender,50.110.99.110
506,Will,Gajewski,wgajewskie1@ucsd.edu,Agender,123.121.220.143
509,Rozamond,Wemm,rwemme4@army.mil,Agender,86.63.136.112
599,Nelly,Ech,nechgm@soundcloud.com,Agender,214.54.61.245
616,Marillin,Stockton,mstocktonh3@topsy.com,Agender,26.45.101.227
627,Blinny,Mallan,bmallanhe@ft.com,Agender,53.251.84.56
657,Zeb,Dudley,zdudleyi8@constantcontact.com,Agender,129.221.211.64
662,Roch,Eble,rebleid@craigslist.org,Agender,95.19.208.139
710,Guenna,Sellen,gsellenjp@google.co.uk,Agender,113.247.129.194
712,Hermia,Marzello,hmarzellojr@mtv.com,Agender,26.111.17.131
774,Consuelo,Savaage,csavaagelh@typepad.com,Agender,109.10.90.116
858,Cliff,Geraud,cgeraudnt@miibeian.gov.cn,Agender,236.86.13.27
884,Shane,Coller,scolleroj@squarespace.com,Agender,176.116.70.101
958,Aubry,Vasilenko,avasilenkoql@adobe.com,Agender,37.0.47.81
